nom_cgtsim,rang,adresse_cgtsim
Barclay,1,
Venture,1,
Lucien-Pagé,2,
Barthélemy-Vimont,3,
Pierre-Dupuy,3,
Camille-Laurin,4,
Dalbé-Viau,6,
Paul-Jarry,7,
Saint-Henri,7,
"Martin-Bélanger, édifice Bélanger",8,
James Lyng,8,
JULES-VERNE,9,
HENRI-BOURASSA,9,
Saint-Simon-Apôtre,10,
Jeanne-Mance,10,
Nouvelle école secondaire LaSalle,11,
Martin-Bélanger. Édifice Martin,12,
Options High,12,
Sinclair Laird,13,
Eulalie-Durocher,13,
Sainte-Lucie,14,
Georges-Vanier,14,
Champlain,15,
"Saint-Henri, transitoire",15,
ADÉLARD-DESROSIERS,16,
"Très-Saint-Sacrement, édifice du Savoir",17,
Honoré-Mercier,17,
"JEAN-NICOLET, annexe",18,
Edouard-Montpetit,18,
Garneau,19,
CALIXA-LAVALLÉE,19,
Saint-Anselme,20,
"Joseph-François-Perrault, annexe",20,
"Marie-Rivier, pav. Louvain",21,
Marie-Anne,21,
Saint-Zotique,22,
AUX MILLE-VOIX,22,
Vezina,23,
JEAN-NICOLET,24,
Joseph-François-Perrault,24,
Saint-Raymond,25,
FACE (secondaire),25,
Victor-Rousselot,26,
Beurling Academy,26,
Perspectives II,27,
"Marie-Rivier, pav. Legendre",28,
SECONDAIRE -  AMOS,28,
Saint-Nom-de-Jésus,29,
"Saint-Luc, annexe Terrebone",30,
Jeanne-LeBer,31,
John F. Kennedy,31,
Armand-Lavergne,32,
FOCUS,32,
Saint-Bernardin,33,
Marymount Academy International,33,
"Saint-Luc, annexe",34,
Maisonneuve,35,
DANIEL-JOHNSON,35,
Bienville,36,
Westmount High School,36,
"Saint-Bernardin, annexe",37,
Terre-des-Jeunes,38,
Cavelier-De LaSalle,38,
Saint-Clément,39,
Louise-Trichet,39,
SAINTE-COLETTE,40,
La Voie,41,
"Au Pied-de-la-Montagne,pav. Jean-Jacques-
Olier",42,
Le Vitrail,42,
Westmount Park,43,
MONTMARTRE,44,
Perspectives I,44,
Horizon High School,45,
Montcalm,46,
Père-Marquette,46,
Notre-Dame-des-Neiges annexe,47,
Saint-Luc,47,
Saint-Mathieu,48,
De la Pointe-aux-Trembles,48,
Laurendeau-Dunton,49,
Louis-Riel,49,
LA DAUVERSIÈRE,50,
Rosemount High School,51,
Bedford,52,
"Internationale de Montréal 
(seconda",52,
Du Petit-Collège,53,
Monseigneur-Richard,53,
Charles-Lemoyne,54,
Evangéline,54,
LAMBERT-CLOSSE,55,
M.I.N.D.,55,
Robert-Gravel,56,
"Très-Saint-Sacrement, édifice de l'avenir",57,
"Du Sas, édifice Carson",57,
SAINT-OCTAVE,58,
LaurenHill Academy,58,
ANTOINE-DE-ST-EXUPÉRY,59,
Programme Mile End,60,
Ludger-Duvernay,61,
Du Sas,61,
Lucille-Teasdale,62,
F.A.C.E. High School,62,
Saint-Léon-de-Westmount,63,
Pierre-Laporte,63,
Paul-Gérin-Lajoie-d'Outremont,64,
St. Gabriel,65,
IRMA-LEVASSEUR,66,
ALPHONSE-PESANT,67,
"Westwood High School Junior 
Campus",67,
CARDINAL-LÉGER,68,
"ANTOINE-DE-ST-EXUPÉRY, annexe",68,
Louisbourg,69,
Laurier MacDonald,69,
"Saint-Mathieu, annexe",70,
"Westwood High School Senior 
Campus",70,
Le Plateau,71,
De l'Altitude,71,
Nesbitt,72,
"Dorval-Jean-XXIII, édifice Dorval",72,
Notre-Dame-des-Victoires annexe,73,
Vincent Massey Collegiate,74,
LE CARIGNAN,75,
"Léonard-De Vinci, Annexe",76,
Macdonald High School,76,
ANJOU,77,
Lévis-Sauvé,78,
Sophie-Barat,78,
Léonard-De Vinci,79,
"Dorval-Jean-XXIII,édifice Jean-XXIII",79,
Baril,80,
"Pierrefonds Community High 
School",80,
SAINTE-GERTRUDE,81,
JEAN-GROU,81,
SAINTE-GERTRUDE Annexe,83,
Royal Vale School,83,
"Pierre-Laporte, édifice Côte-Vertu",84,
Elan,85,
Saint-Georges,85,
RENÉ-GUÉNETTE,86,
Des Sources,86,
Félix-Leclerc,87,
DE LA FRATERNITÉ,88,
Royal West Academy,88,
F.A.C.E. Elementary School,89,
John Caboto Academy,90,
Mont-Royal,90,
John Rennie High School,91,
Nouvelle-Querbes,92,
Beaconsfield High School,92,
St. Thomas High School,93,
Pierre-Rémy,94,
Outreach,94,
DE LA FRATERNITÉ Annexe,95,
"Jean-Paul-Riopelle, bât Jean-Paul-Rioppelle",96,
Philippe-Morin,97,
Pierre Elliott Trudeau,98,
FACE (primaire),99,
Saint-Donat,101,
Louis-Dupire,102,
Arc-en-ciel,103,
Edward Murphy,104,
L'Eau-Vive,105,
Sainte-Claire,106,
"DE LA BELLE-RIVE, pav de la Pointe",107,
Saint-Benoît,110,
Riverview,111,
Lajoie,112,
"Saint-Jean-de-la-Lande, annexe",114,
Sans-Frontières,116,
De l’Orée-du-Parc,117,
Coronation,119,
Bancroft,121,
Marie-Favery,124,
Saint-Émile,125,
"SAINT-RÉMI, annexe",127,
LA DAUVERSIÈRE,128,
"Jean-Paul-Riopelle, bât Saint-Louis-de 
Gonzague",129,
Des Nations,130,
Carlyle,131,
SAINT-RÉMI,133,
Des Berges-de-Lachine,134,
Our Lady of Pompei,136,
"DE LA BELLE-RIVE, pav. des Trembles",137,
SAINT-JOSEPH,138,
Saint-Ambroise,139,
Philippe-Labarre,142,
"Des Cinq-Continents, pa.Saint-Antonin",143,
"Sainte-Bernadette-Soubirous, annexe",144,
Gerald McShane,145,
Children's World,146,
Dalkeith,147,
Du Grand-Chêne,150,
Verdun Elementary,152,
La Mennais,154,
"Des Cinq-Continents, pav. Dupuis",155,
FÉLIX-LECLERC,156,
Du Bois-de-Liesse,157,
Des Saules-Rieurs,159,
Saint-Étienne,160,
"Saint-Justin, annexe",161,
"FÉLIX-LECLERC,transitoire",162,
Guy-Drummond,164,
"Des Monarques, Annexe St-Jean-Vianney",165,
Alice-Parizeau,166,
Saint-Barthélemy - Des Érables,167,
Internationale de Montréal (primair,168,
Allion,169,
FERNAND-GAUTHIER,170,
Ahuntsic,171,
La Vérendrye,172,
St. Patrick,173,
Hampstead,174,
Jean-Grou,177,
WILFRID-BASTIEN,178,
Enfant-Soleil,179,
Saint-Justin,180,
Roslyn,181,
Pierre Elliott Trudeau,182,
Judith-Jasmin,183,
Du Grand-Héron,184,
Sainte-Bibiane,185,
St. Monica,187,
"Saint-Justin, annexe temporaire",188,
Paul-Bruchési,190,
Evergreen,191,
Lanaudière,192,
Marc-Favreau,193,
"Des Monarques, Annexe Marie-Rollet ( 36e av)",194,
Cedarcrest,195,
"Sainte-Louise-de-Marillac, annexe",196,
Le Vitrail-Primaire,197,
La Visitation,198,
Saint-Barthélemy - Sagard,199,
"Marc-Favreau, annexe",200,
François-de-Laval,201,
Saint-Enfant-Jésus,202,
"Des Monarques, Annexe Marie-Rollet ( 
Beaubien)",203,
Saint-Ambroise Annexe,204,
Guillaume-Couture,206,
Saint-Marc,207,
Dante,208,
Dorset,209,
NOTRE-DAME,210,
Des Découvreurs,211,
Iona,212,
SAINT-MARCEL,214,
Rose-des-Vents,215,
Forest Hill Jr.,216,
ALBATROS,217,
Laurier,218,
Forest Hill Sr.,219,
Elizabeth Ballantyne,220,
FERLAND,222,
Du Petit-Chapiteau,223,
"Fernand-Seguin, pavillon Hubert-Reeves",224,
JACQUES-ROUSSEAU,225,
Notre-Dame-de-Grâce annexe,226,
Birchwood,227,
Sainte-Odile,228,
GÉNÉRAL VANIER,229,
DENISE-PELLETIER,230,
Petits chanteurs du Mont-Royal,232,
"François-de-Laval, annexe",233,
Atelier,234,
"Saint-Donat, annexe",235,
Willingdon,236,
Royal Vale Elementary,237,
Saint-Fabien,238,
Cardinal-Léger,239,
Sunshine Academy,240,
"MARC-AURÈLE-FORTIN, annexe",241,
Saint-Arsène,242,
Pointe-Claire,243,
FÉLIX-LECLERC,244,
"Ahuntsic, annexe",245,
Parkdale,246,
Des Grands-Êtres,247,
Beaconsfield,248,
"Gilles-Vigneault, annexe temporaire",249,
Lalande,251,
Gilles-Vigneault,252,
Henri-Forest,253,
Simonne-Monet,254,
Joseph-Henrico,255,
Honoré Mercier,256,
Murielle-Dumont,257,
Dunrae Gardens,259,
MARC-AURÈLE-FORTIN,260,
Springdale Elementary,261,
Saint-Gérard,262,
Etoile filante,263,
LAMBERT-CLOSSE,264,
"Saints-Martyrs-Canadiens, pav. Sauvé",266,
Terry Fox,268,
"Ahuntsic, transitoire",270,
DES ROSERAIES,271,
"Harfang-des-Neiges, édifice Lauzon",272,
St. John Fisher Sr.,273,
Perce-Neige,274,
Sainte-Cécile,276,
Saint-Gérard,278,
SIMONE-DESJARDINS,279,
Laurentide,281,
CHÉNIER,282,
Soulanges,283,
Alphonse-Desjardins annexe temporaire,284,
"SIMONE-DESJARDINS, pav. Perras",285,
"Saint-Fabien, annexe Rosalie-Jetté",286,
GABRIELLE-ROY,287,
"Gentilly, édifice de la Présentation",288,
"Saints-Martyrs-Canadiens, pav. Sauriol",289,
Michelangelo International Elementa,291,
Des Amis-du-Monde,292,
De la Mosaïque,293,
Henri-Beaulieu,295,
"Harfang-des-Neiges,édifice Gouin",296,
Saint-Isaac-Jogues,298,
Christmas Park,299,
VICTOR-LAVIGNE,300,
St. John Fisher Jr.,301,
Mount Pleasant,303,
Leonardo da Vinci,304,
Merton,306,
Saint-Clément-Ouest,307,
Jonathan,308,
Dorval Elementary,309,
WILFRID-PELLETIER,310,
Saint-Louis,311,
"La Petite-Patrie, pav. NDD",313,
"Gentilly, édifice Fénelon",314,
Katimavik,315,
Ile-des-Soeurs,316,
Wilder Penfield,317,
St. Anthony,318,
Edgewater,319,
Edouard-Laurin,320,
Académie Saint-Clément,321,
Saint-André-Apôtre,322,
"WILFRID-PELLETIER, annexe",323,
East Hill,324,
St. Charles,325,
"Notre-Dame-de-la-Garde,édifice Richard",326,
De l'Odyssée,327,
Saint-Luc,328,
Saint-Clément-Est,329,
Jacques-Bizard,330,
Des Marguerite,331,
Christ-Roi,332,
Margaret Manson Elementary School,333,
Louis-Colin,334,
Clearpoint Elementary,335,
Beechwood,336,
Catherine-Soumillard,337,
"Saint-André-Apôtre, annexe",338,
"Gardenview 0,87364 95-
100%",339,
"Edinburgh 0,87407 95-
100%",340,
"Marguerite-Bourgeoys 0,87464 95-
100%",341,
"Sherbrooke Academy Junior 0,87465 95-
100%",342,
Victor-Thérien,343,
"Victor-Thérien 0,87475 95-
100%",343,
PIE XII,344,
"PIE XII 0,87482 95-
100%",344,
"Westpark 0,87528 95-
100%",345,
Au Trésor-du-Boisé,346,
"Au Trésor-du-Boisé 0,87546 95-
100%",346,
"St. Edmund 0,87559 95-
100%",347,
Saint-Rémi,348,
"Saint-Rémi 0,87624 95-
100%",348,
"Hélène-Boullé 0,87639 95-
100%",349,
"Beacon Hill 0,87650 95-
100%",350,
"Sherbrooke Academy Senior 0,87833 95-
100%",351,
Emile-Nelligan,352,
"Emile-Nelligan 0,87854 95-
100%",352,
Des Coquelicots,353,
"Des Coquelicots 0,87902 95-
100%",353,
Jonathan-Wilson,354,
"Jonathan-Wilson 0,87960 95-
100%",354,
Enfants-du-Monde,355,
"Enfants-du-Monde 0,88045 95-
100%",355,
Saint-Germain-d'Outremont,356,
"Saint-Germain-d'Outremont 0,88181 95-
100%",356,
Du Bout-de-l'Isle,357,
"Du Bout-de-l'Isle 0,88253 95-
100%",357,
